Mean,Median,Std,Minimum,Maximum,Skewness,Kurtosis
36.28244138108761,36.391777,2.455722589572121,32.555828,41.962127,0.30386729287920206,-1.1356071421034115
