Mean,Median,Std,Minimum,Maximum,Skewness,Kurtosis
-119.79888008121539,-119.730885,2.157889095257577,-124.301372,-114.192901,-0.04079238283753835,-1.1360497567667631
