Mean,Median,Std,Minimum,Maximum,Skewness,Kurtosis
64.76169246059918,70.35,30.090047097678507,18.25,118.75,-0.22052443394398033,-1.2572596945495056
