Mean,Median,Std,Minimum,Maximum,Skewness,Kurtosis
32.37114865824223,29.0,24.55948102309432,0,72,0.2395397495619829,-1.3873716359716848
