Metric,Value
Accuracy,0.7924662402274343
Precision,0.6273291925465838
Recall,0.5401069518716578
F1 Score,0.5804597701149425
ROC AUC,0.8397934990241807
CV Mean,0.8610436726133115
CV Std,0.009395105965764664
