Metric,Value
Accuracy,0.7313432835820896
Precision,0.4948186528497409
Recall,0.5106951871657754
F1 Score,0.5026315789473684
ROC AUC,0.6609623080068955
CV Mean,0.6714492213755294
CV Std,0.009993940842031033
