Metric,Value
Accuracy,0.7789623312011372
Precision,0.5975232198142415
Recall,0.516042780748663
F1 Score,0.5538020086083214
ROC AUC,0.8039962002578027
CV Mean,0.8250216621992598
CV Std,0.008279828957267739
