Metric,Value
Accuracy,0.798862828713575
Precision,0.6408668730650154
Recall,0.553475935828877
F1 Score,0.593974175035868
ROC AUC,0.8475638165149013
CV Mean,0.8619032772680526
CV Std,0.006609075275605477
