Metric,Value
Accuracy,0.8081023454157783
Precision,0.6494252873563219
Recall,0.6042780748663101
F1 Score,0.6260387811634349
ROC AUC,0.8426860139461927
CV Mean,0.8593949160640392
CV Std,0.008645686729396165
