Metric,Value
Accuracy,0.7882018479033405
Precision,0.625
Recall,0.5080213903743316
F1 Score,0.56047197640118
ROC AUC,0.832177190157943
CV Mean,0.8473454695635978
CV Std,0.006266290080124593
