Metric,Value
Accuracy,0.7789623312011372
Precision,0.591304347826087
Recall,0.5454545454545454
F1 Score,0.5674547983310153
ROC AUC,0.8288588866858898
CV Mean,0.8374177038878585
CV Std,0.010194146858596063
