Churn Label,count,mean,std,min,25%,50%,75%,max
No,5174.0,36.28743627522227,2.4493401076651415,32.555828,34.029076,36.4144135,38.227285,41.962127
Yes,1869.0,36.26861388924558,2.4739113827335095,32.555828,34.038983,36.29878,38.200231,41.962127
