Churn Label,count,mean,std,min,25%,50%,75%,max
No,5174.0,-119.80483756532664,2.1562097281390455,-124.301372,-121.823565,-119.739935,-118.04923725,-114.192901
Yes,1869.0,-119.7823878271803,2.1630235597964274,-124.301372,-121.799917,-119.711868,-118.020188,-114.192901
