Churn Label,count,mean,std,min,25%,50%,75%,max
No,5174.0,61.26512369540008,31.09264811934533,18.25,25.1,64.42500000000001,88.4,118.75
Yes,1869.0,74.44133226324237,24.666053259397426,18.85,56.15,79.65,94.2,118.35
