Churn Label,count,mean,std,min,25%,50%,75%,max
No,5174.0,37.56996521066873,24.113776690704025,0.0,15.0,38.0,61.0,72.0
Yes,1869.0,17.979133226324237,19.531123054519615,1.0,2.0,10.0,29.0,72.0
