Best Model,ROC AUC,Accuracy,Precision,Recall,F1 Score
Gradient Boosting,0.8475638165149013,0.798862828713575,0.6408668730650154,0.553475935828877,0.593974175035868
