,precision,recall,f1-score,support
0,0.8414746543778802,0.8838334946757018,0.8621340887629839,1033.0
1,0.6273291925465838,0.5401069518716578,0.5804597701149425,374.0
accuracy,0.7924662402274343,0.7924662402274343,0.7924662402274343,0.7924662402274343
macro avg,0.734401923462232,0.7119702232736798,0.7212969294389633,1407.0
weighted avg,0.7845518379422691,0.7924662402274343,0.7872611710839736,1407.0
