,precision,recall,f1-score,support
0,0.8207639569049952,0.8112294288480155,0.815968841285297,1033.0
1,0.4948186528497409,0.5106951871657754,0.5026315789473684,374.0
accuracy,0.7313432835820896,0.7313432835820896,0.7313432835820896,0.7313432835820896
macro avg,0.657791304877368,0.6609623080068955,0.6593002101163328,1407.0
weighted avg,0.734123200887465,0.7313432835820896,0.7326794765984561,1407.0
