,precision,recall,f1-score,support
0,0.8330258302583026,0.8741529525653436,0.8530940009447331,1033.0
1,0.5975232198142415,0.516042780748663,0.5538020086083214,374.0
accuracy,0.7789623312011372,0.7789623312011372,0.7789623312011372,0.7789623312011372
macro avg,0.715274525036272,0.6950978666570033,0.7034480047765272,1407.0
weighted avg,0.7704259892447426,0.7789623312011372,0.7735380626833129,1407.0
