,precision,recall,f1-score,support
0,0.8459409594095941,0.8877057115198451,0.8663202645252717,1033.0
1,0.6408668730650154,0.553475935828877,0.593974175035868,374.0
accuracy,0.798862828713575,0.798862828713575,0.798862828713575,0.798862828713575
macro avg,0.7434039162373047,0.720590823674361,0.7301472197805698,1407.0
weighted avg,0.7914294396563089,0.798862828713575,0.7939269187761337,1407.0
