,precision,recall,f1-score,support
0,0.8602455146364495,0.8818973862536302,0.8709369024856597,1033.0
1,0.6494252873563219,0.6042780748663101,0.6260387811634349,374.0
accuracy,0.8081023454157783,0.8081023454157783,0.8081023454157783,0.8081023454157783
macro avg,0.7548354009963857,0.7430877305599701,0.7484878418245473,1407.0
weighted avg,0.8042065913935442,0.8081023454157783,0.8058396051334833,1407.0
