,precision,recall,f1-score,support
0,0.8331822302810517,0.8896418199419167,0.8604868913857678,1033.0
1,0.625,0.5080213903743316,0.56047197640118,374.0
accuracy,0.7882018479033405,0.7882018479033405,0.7882018479033405,0.7882018479033405
macro avg,0.7290911151405258,0.6988316051581241,0.7104794338934739,1407.0
weighted avg,0.7778445230137359,0.7882018479033405,0.7807387903166593,1407.0
