,precision,recall,f1-score,support
0,0.839924670433145,0.8635043562439496,0.8515513126491647,1033.0
1,0.591304347826087,0.5454545454545454,0.5674547983310153,374.0
accuracy,0.7789623312011372,0.7789623312011372,0.7789623312011372,0.7789623312011372
macro avg,0.715614509129616,0.7044794508492476,0.7095030554900901,1407.0
weighted avg,0.7738379606569974,0.7789623312011372,0.7760345419633169,1407.0
