Contract,Average_Charge
Month-to-month,66.3984903225804
One year,65.04860828241681
Two year,60.77041297935099
