Contract,Average_CLTV
Month-to-month,4136.7083870967745
One year,4529.955872369314
Two year,4890.214159292035
